F1,grid_label
N,KECBCAAA
N,KECBCAAA
N,KECBCAAA
N,KECBCAAA
N,KECBCAAA
N,KECBCAAA
N,KECBCAAA
N,KECBCAAA
N,KECBCAAA
N,KECBCAAA
N,KECBCAAA
N,KECBCAAA
N,KECBCAAA
N,KECBCAAA
N,KECBCAAA
N,KECBCAAA
N,KECBCAAA
N,KECBACCC
N,KECBACCC
N,KECBACCC
N,KECBACCC
N,KECBACCC
N,KECBACCC
N,KECBACCC
N,KECBACCC
N,KECBACCC
N,KECBACCC
N,KECBACCC
N,KECBACCC
N,KECBACCC
N,KECBACCC
N,KECBACCC
N,KECBACCC
N,KECBACCC
N,KECBACCC
N,KECBACCC
N,KECBACCC
N,KECBACCC
N,KECBACCC
N,KECBACCC
N,KECBACCC
N,KECBACCC
N,KECBACCC
N,KECBACCC
N,KECBACCC
N,KECBACCC
N,KECBACCC
N,KECBACCC
N,KECBACCC
N,KECBACCC
N,KECBACCC
N,KECBACCC
N,KECBACCC
N,KECBACCC
N,KECBACCC
N,KECBACCC
N,KECBACCC
N,KECBACCC
N,KECBACCC
N,KECBACCC
N,KECBACCC
N,KECBACCC
N,KECBACCA
N,KECBACCA
N,KECBACCA
N,KECBACCA
N,KECBACCA
N,KECBACCA
N,KECBACCA
N,KECBACCA
N,KECBACCA
N,KECBACCA
N,KECBACCA
N,KECBACCA
N,KECBACCA
N,KECBACCA
N,KECBACCA
N,KECBACCA
N,KECBACCA
N,KECBACCA
N,KECBACCA
N,KECBACCA
N,KECBACCA
N,KECBACCA
N,KECBACCA
N,KECBACCA
N,KECBACCA
N,KECBACCA
N,KECBACCA
N,KECBACCA
N,KECBACCA
N,KECBACCA
N,KECBACCA
N,KECBACCA
N,KECBACCA
N,KECBACCA
N,KECBACCA
N,KECBACCA
N,KECBACCA
N,KECBACCA
N,KECBACCA
N,KECBACAC
N,KECBACAC
N,KECBACAC
N,KECBACAC
N,KECBACAC
N,KECBACAC
N,KECBACAC
N,KECBACAC
N,KECBACAC
N,KECBACAC
N,KECBACAC
N,KECBACAC
N,KECBACAC
N,KECBACAC
N,KECBACAC
N,KECBACAC
N,KECBACAC
N,KECBACAC
N,KECBACAC
N,KECBACAC
N,KECBACAC
N,KECBACAC
N,KECBACAC
N,KECBACAC
N,KECBACAC
N,KECBACAC
N,KECBACAC
N,KECBACAC
N,KECBACAC
N,KECBACAC
N,KECBACAC
N,KECBACAC
N,KECBACAC
N,KECBACAC
N,KECBACAC
N,KECBACAC
N,KECBACAC
N,KECBACAC
N,KECBACAC
N,KECBACAC
N,KECBACAC
N,KECBACAC
N,KECBACAC
N,KECBACAA
N,KECBACAA
N,KECBACAA
N,KECBACAA
N,KECBACAA
N,KECBACAA
N,KECBACAA
N,KECBACAA
N,KECBACAA
N,KECBACAA
N,KECBACAA
N,KECBACAA
N,KECBACAA
N,KECBACAA
N,KECBACAA
N,KECBACAA
N,KECBACAA
N,KECBACAA
N,KECBACAA
N,KECBACAA
N,KECBACAA
N,KECBACAA
N,KECBACAA
N,KECBACAA
N,KECBACAA
N,KECBACAA
N,KECBACAA
N,KECBACAA
N,KECBACAA
N,KECBACAA
N,KECBACAA
N,KECBACAA
N,KECBACAA
N,KECBACAA
N,KECBACAA
N,KECBACAA
N,KECBACAA
N,KECBACAA
N,KECBACAA
N,KECBACAA
N,KECBACAA
N,KECBACAA
N,KECBACAA
N,KECBACAA
N,KECBACAA
N,KECBACAA
N,KECBACAA
N,KECBACAA
N,KECBACAA
N,KECBACAA
N,KECBACAA
N,KECBACAA
N,KECBACAA
N,KECBACAA
N,KECBACAA
N,KECBACAA
N,KECBACAA
N,KECBACAA
N,KECBACAA
N,KECBACAA
N,KECBACAA
N,KECBACAA
N,KECBACAA
N,KECBACAA
N,KECBACAA
N,KECBACAA
N,KECBACAA
N,KECBACAA
N,KECBACAA
N,KECBACAA
N,KECBACAA
N,KECBACAA
N,KECBACAA
N,KECBACAA
N,KECBACAA
N,KECBACAA
N,KECBACAA
N,KECBACAA
N,KECBACAA
N,KECBACAA
N,KECBACAA
N,KECBACAA
N,KECBACAA
N,KECBACAA
N,KECBACAA
N,KECBACAA
N,KECBACAA
N,KECBACAA
N,KECBACAA
N,KECBACAA
N,KECBACAA
N,KECBACAA
N,KECBACAA
N,KECBACAA
N,KECBACAA
N,KECBACAA
N,KECBACAA
N,KECBACAA
N,KECBACAA
N,KECBACAA
N,KECBACAA
N,KECBACAA
N,KECBACAA
N,KECBACAA
N,KECBACAA
N,KECBACAA
N,KECBACAA
N,KECBACAA
N,KECBACAA
N,KECBACAA
N,KECBACAA
N,KECBACAA
N,KECBACAA
N,KECBACAA
N,KECBACAA
N,KECBACAA
N,KECBACAA
N,KECBACAA
N,KECBACAA
N,KECBACAA
N,KECBACAA
N,KECBACAA
N,KECBACAA
N,KECBACAA
N,KECBACAA
N,KECBACAA
N,KECBACAA
N,KECBACAA
N,KECBACAA
N,KECBACAA
N,KECBACAA
N,KECBACAA
N,KECBACAA
N,KECBACAA
N,KECBACAA
N,KECBAACC
N,KECBAACC
N,KECBAACC
N,KECBAACC
N,KECBAACC
N,KECBAACC
N,KECBAACC
N,KECBAACC
N,KECBAACC
N,KECBAACC
N,KECBAACC
N,KECBAACC
N,KECBAACC
N,KECBAACC
N,KECBAACC
N,KECBAACC
N,KECBAACC
N,KECBAACC
N,KECBAACC
N,KECBAACC
N,KECBAACC
N,KECBAACC
N,KECBAACC
N,KECBAACC
N,KECBAACC
N,KECBAACC
N,KECBAACC
N,KECBAACC
N,KECBAACC
N,KECBAACC
N,KECBAACC
N,KECBAACC
N,KECBAACC
N,KECBAACC
N,KECBAACC
N,KECBAACC
N,KECBAACC
N,KECBAACC
N,KECBAACC
N,KECBAACC
N,KECBAACC
N,KECBAACC
N,KECBAACC
N,KECBAACC
N,KECBAACC
N,KECBAACC
N,KECBAACC
N,KECBAACC
N,KECBAACC
N,KECBAACC
N,KECBAACC
N,KECBAACC
N,KECBAACC
N,KECBAACC
N,KECBAACC
N,KECBAACC
N,KECBAACC
N,KECBAACC
N,KECBAACC
N,KECBAACC
N,KECBAACC
N,KECBAACC
N,KECBAACC
N,KECBAACC
N,KECBAACC
N,KECBAACC
N,KECBAACC
N,KECBAACC
N,KECBAACC
N,KECBAACC
N,KECBAACC
N,KECBAACC
N,KECBAACC
N,KECBAACC
N,KECBAACC
N,KECBAACC
N,KECBAACC
N,KECBAACC
N,KECBAACC
N,KECBAACC
N,KECBAACC
N,KECBAACC
N,KECBAACC
N,KECBAACC
N,KECBAACC
N,KECBAACC
N,KECBAACC
N,KECBAACD
N,KECBAACD
N,KECBAACD
N,KECBAACD
N,KECBAACD
N,KECBAACD
N,KECBAACD
N,KECBAACD
N,KECBAACD
N,KECBAACD
N,KECBAACD
N,KECBAACD
N,KECBAACD
N,KECBAACD
N,KECBAACD
N,KECBAACD
N,KECBAACD
N,KECBAACD
N,KECBAACD
N,KECBAACD
N,KECBAACD
N,KECBAACD
N,KECBAACD
N,KECBAACD
N,KECBAACD
N,KECBAACD
N,KECBAACC
N,KECBAACC
N,KECBAACC
N,KECBAACC
N,KECBAACC
N,KECBAACC
N,KECBAACC
N,KECBAACC
N,KECBAACC
N,KECBAACC
N,KECBAACC
N,KECBAACC
N,KECBAACC
N,KECBAACC
N,KECBAACC
N,KECBAACC
N,KECBAACC
N,KECBAACC
N,KECBAACC
N,KECBAACC
N,KECBAACC
N,KECBAACC
N,KECBAACC
N,KECBAACC
N,KECBAACC
N,KECBAACC
N,KECBAACC
N,KECBAACC
N,KECBAACC
N,KECBAACC
N,KECBAACC
N,KECBAACC
N,KECBAACC
N,KECBAACA
N,KECBAACA
N,KECBAACA
N,KECBAACA
N,KECBAACA
N,KECBAACA
N,KECBAACA
N,KECBAACA
N,KECBAACA
N,KECBAACA
N,KECBAACA
N,KECBAACA
N,KECBAACA
N,KECBAACA
N,KECBAACA
N,KECBAACA
N,KECBAACA
N,KECBAACA
N,KECBAACA
N,KECBAACA
N,KECBAACA
N,KECBAACA
N,KECBAACA
N,KECBAACA
N,KECBAACA
N,KECBAACA
N,KECBAACA
N,KECBAACA
N,KECBAACA
N,KECBAACA
N,KECBAACA
N,KECBAACA
N,KECBAACA
N,KECBAACA
N,KECBAACA
N,KECBAACA
N,KECBAACA
N,KECBAACA
N,KECBAACA
N,KECBAACA
N,KECBAACA
N,KECBAACA
N,KECBAACA
N,KECBAACA
N,KECBAACA
N,KECBAACA
N,KECBAACA
N,KECBAACA
N,KECBAACA
N,KECBAACA
N,KECBAACA
N,KECBAACA
N,KECBAACA
N,KECBAACA
N,KECBAACA
N,KECBAACA
N,KECBAACA
N,KECBAACA
N,KECBAACA
N,KECBAACA
N,KECBAACA
N,KECBAACA
N,KECBAACA
N,KECABBDB
N,KECABBDB
N,KECABBDB
N,KECABBDB
N,KECABBDB
N,KECABBDB
N,KECABBDB
N,KECABBDB
N,KECABBDB
N,KECABBDB
N,KECABBDB
N,KECABBDB
N,KECABBDB
N,KECABBDB
N,KECABBDB
N,KECABBDB
N,KECABBDB
N,KECABBDB
N,KECABBDB
N,KECABBDB
N,KECABBDB
N,KECABBDB
N,KECABBDB
N,KECABBDB
N,KECABBDB
N,KECABBDB
N,KECABBDB
N,KECABBDB
N,KECABBDB
N,KECABBDB
N,KECABBDB
N,KECABBDB
N,KECABBDB
N,KECABBDB
N,KECABBDB
N,KECABBDB
N,KECABBDB
N,KECABBDB
N,KECABBDB
N,KECABBDB
N,KECABBDB
N,KECABBDB
N,KECABBDB
N,KECABBDB
N,KECABBDB
N,KECABBDB
N,KECABBDB
N,KECABBDB
N,KECABBDB
N,KECABBDB
N,KECABBDB
N,KECABBDB
N,KECABBDB
N,KECABBDB
N,KECABBDB
N,KECABBDB
N,KECABBDB
N,KECABBDB
N,KECABBDB
N,KECABBDB
N,KECABBDB
N,KECABBDB
N,KECABBDB
N,KECABBDB
N,KECABBDB
N,KECABBDB
N,KECABBDB
N,KECABBDB
N,KECABBDB
N,KECABBDB
N,KECABBDB
N,KECABBDB
N,KECABBDB
N,KECABBDA
N,KECABBDA
N,KECABBDA
N,KECABBDA
N,KECABBDA
N,KECABBDA
N,KECABBDA
N,KECABBDA
N,KECABBDA
N,KECABBDA
N,KECABBDA
N,KECABBDA
N,KECABBDA
N,KECABBDA
N,KECABBDA
N,KECABBDA
N,KECABBDA
N,KECABBDA
N,KECABBDA
N,KECABBDA
N,KECABBDA
N,KECABBDA
N,KECABBDA
N,KECABBDA
N,KECABBDA
N,KECABBDA
N,KECABBDA
N,KECABBDA
N,KECABBDA
N,KECABBDA
N,KECABBDA
N,KECABBDA
N,KECABBDA
N,KECABBDA
N,KECABBDA
N,KECABBDA
N,KECABBDA
N,KECABBDA
N,KECABBDA
N,KECABBDA
N,KECABBDA
N,KECABBDA
N,KECABBDA
N,KECABBDA
N,KECABBDA
N,KECABBDA
N,KECABBDA
N,KECABBDA
N,KECABBDA
N,KECABBDA
N,KECABBDA
N,KECABBDA
N,KECABBDA
N,KECABBDA
N,KECABBDA
N,KECABBDA
N,KECABBDA
N,KECABBDA
N,KECABBCB
N,KECABBCB
N,KECABBCB
N,KECABBCB
N,KECABBCB
N,KECABBCB
N,KECABBCB
N,KECABBCB
N,KECABBCB
N,KECABBCB
N,KECABBCB
N,KECABBCB
N,KECABBCB
N,KECABBCB
N,KECABBCB
N,KECABBCB
N,KECABBCB
N,KECABBCB
N,KECABBCB
N,KECABBCB
N,KECABBCB
N,KECABBCB
N,KECABBCB
N,KECABBCB
N,KECABBCB
N,KECABBCB
N,KECABBCB
N,KECABBCB
N,KECABBCB
N,KECABBCB
N,KECABBCB
N,KECABBCB
N,KECABBCB
N,KECABBCB
N,KECABBCB
N,KECABBCB
N,KECABBCB
N,KECABBCB
N,KECABBCB
N,KECABBCB
N,KECABBCB
N,KECABBCB
N,KECABBCB
N,KECABBCB
N,KECABBCB
N,KECABBCB
N,KECABBCB
N,KECABBCB
N,KECABBCB
N,KECABBCB
N,KECABBCB
N,KECABBCB
N,KECABBCB
N,KECABBCB
N,KECABBCB
N,KECABBCB
N,KECABBCB
N,KECABBCB
N,KECABBCB
N,KECABBCB
N,KECABBCB
N,KECABBCB
N,KECABBCB
N,KECABBCB
N,KECABBCB
N,KECABBCB
N,KECABBCB
N,KECABBCB
N,KECABBCB
N,KECABBCB
N,KECABBCB
N,KECABBCB
N,KECABBCB
N,KECABBCB
N,KECABBCB
N,KECABBCB
N,KECABBCB
N,KECABBCB
N,KECABBAD
N,KECABBAD
N,KECABBAD
N,KECABBAD
N,KECABBAD
N,KECABBAD
N,KECABBAD
N,KECABBAD
N,KECABBAD
N,KECABBAD
N,KECABBAD
N,KECABBAD
N,KECABBAD
N,KECABBAD
N,KECABBAD
N,KECABBAD
N,KECABBAD
N,KECABBAD
N,KECABBAD
N,KECABBAD
N,KECABBAD
N,KECABBAD
N,KECABBAD
N,KECABBAD
N,KECABBAD
N,KECABBAD
N,KECABBAD
N,KECABBAD
N,KECABBAD
N,KECABBAD
N,KECABBAD
N,KECABBAD
N,KECABBAD
N,KECABBAD
N,KECABBAD
N,KECABBAD
N,KECABBAD
N,KECABBAD
N,KECABBAD
N,KECABBAD
N,KECABBAD
N,KECABBAD
N,KECABBAD
N,KECABBAD
N,KECABBAD
N,KECABBAD
N,KECABBAD
N,KECABBAD
N,KECABBAD
N,KECABBAD
N,KECABBAD
N,KECABBAD
N,KECABBAD
N,KECABBAD
N,KECABBAD
N,KECABBAD
N,KECABBAD
N,KECABBAD
N,KECABBAD
N,KECABBAD
N,KECABBAD
N,KECABBAD
N,KECABBAD
N,KECABBAD
N,KECABBAD
N,KECABBAD
N,KECABBAD
N,KECABBAD
N,KECABBAD
N,KECABBAB
N,KECABBAB
N,KECABBAB
N,KECABBAB
N,KECABBAB
N,KECABBAB
N,KECABBAB
N,KECABBAB
N,KECABBAB
N,KECABBAB
N,KECABBAB
N,KECABBAB
N,KECABBAB
N,KECABBAB
N,KECABBAB
N,KECABBAB
N,KECABBAB
N,KECABBAB
N,KECABBAB
N,KECABBAB
N,KECABBAB
N,KECABBAB
N,KECABBAB
N,KECABBAB
N,KECABBAB
N,KECABBAB
N,KECABBAB
N,KECABBAB
N,KECABBAB
N,KECABBAB
N,KECABBAB
N,KECABBAB
N,KECABBAB
N,KECABBAB
N,KECABBAB
N,KECABBAB
N,KECABBAB
N,KECABBAB
N,KECABBAB
N,KECABBAB
N,KECABBAB
N,KECABBAB
N,KECABBAB
N,KECABBAB
N,KECABBAB
N,KECABBAB
N,KECABBAB
N,KECABBAB
N,KECABBAB
N,KECABBAB
N,KECABBAB
N,KECABBAB
N,KECABBAB
N,KECABBAB
N,KECABBAB
N,KECABBAB
N,KECABBAB
N,KECABBAB
N,KECABBAB
N,KECABBAB
N,KECABBAA
N,KECABBAA
N,KECABBAA
N,KECABBAA
N,KECABBAA
N,KECABBAA
N,KECABBAA
N,KECABBAA
N,KECABBAA
N,KECABBAA
N,KECABBAA
N,KECABBAA
N,KECABBAA
N,KECABBAA
N,KECABBAA
N,KECABBAA
N,KECABBAA
N,KECABBAA
N,KECABBAA
N,KECABBAA
N,KECABBAA
N,KECABBAA
N,KECABBAA
N,KECABBAA
N,KECABBAA
N,KECABBAA
N,KECABBAA
N,KECABBAA
N,KECABBAA
N,KECABBAA
N,KECABBAA
N,KECABBAA
N,KECABBAA
N,KECABBAA
N,KECABBAA
N,KECABBAA
N,KECABBAA
N,KECABBAA
N,KECABBAA
N,KECABBAA
N,KECABBAA
N,KECABBAA
N,KECABBAA
N,KECABBAA
N,KECABBAA
N,KECABBAA
N,KECABBAA
N,KECABBAA
N,KECABBAA
N,KECABBAA
N,KECABBAA
N,KECABBAA
N,KECABBAA
N,KECABBAA
N,KECABBAA
N,KECABBAA
N,KECABBAA
N,KECABBAA
